{
  "name": "bobmods_gfxtweak",
  "version": "0.17.0",
  "factorio_version": "0.17",
  "title": "Bob's Mods : Alternate Textures",
  "author": "Necriptos & CitizenJoe",
  "contact": "necriptos@gmail.com",
  "homepage": "https://forums.factorio.com/viewtopic.php?f=51&t=46948",
  "description": "Some alternate textures for bob's mods (Additional icons made by CitizenJoe), gives a more vanilla friendly look to bob's mods",
  "dependencies": ["base >= 0.17.0", "boblibrary >= 0.17.0", "? bobelectronics >= 0.17.0", "? bobwarfare >= 0.17.0"]
}
